name.title,name.first,name.last,email,login.uuid,login.username,login.password,login.salt,login.md5,login.sha1,login.sha256
Ms,Joy,Stanley,joy.stanley@example.com,7dd8e36e-c062-4ef0-8593-20afcb74cbb2,blackbear288,<;$a7qjO`ogk:,dzi57bFt,1616fccb2621a5d9e461e5dd7e630e48,90487b99e19e7b222f6facc77ca12106a81bddb8,7a4f28457f68598a2eb59708593fe9b1e010989e372429104fe48cdaeb8f56fc
Mrs,Joanne,Garza,joanne.garza@example.com,3fe64281-081a-427e-b59f-7b158f874824,purpleelephant559,CrgUd[pzO=-h6/,k9DBotYe,0f645c62f0d3c8c7dd2193aff7251656,395fb15f8102d93eb8177e98fd5872371fb01e7f,1b96d33ad20129b8f69d1c8a157b5fae579060a720577e16f05f79474d3c35f3
Mr,Terrance,Washington,terrance.washington@example.com,4c2f7735-c1b6-4cb8-a3ce-732bf2a48633,greenbutterfly292,",]qwh-=x2I!_",CRGN4IM0,8faf3992cafd9ccb7bdcdb1bfb79fb91,7352dd0356ce37be3112c60325d7618eb4a9ac01,b2e2d6a2b774fca66c361a2d42cf55a17a7820f291675588026b98ec8c9ab6a0
Miss,Hilda,Adams,hilda.adams@example.com,86e88386-e91b-4d20-a419-7efbc55137b8,lazypanda869,+**\XpU[}vX>,z5xDS45G,a8e24a438cccb2220ac1e9b84389f1dd,e58783897c0c612189748c47ac5a0e175c0fc11a,b90260d9b9ef7e2b8342007a797613291db42065805039045756a373007c57d3
Mr,Jar,Bates,jar.bates@example.com,99f824cd-b23d-4e60-8613-e0e0dcd10fd9,orangetiger558,ElZwireS,k7YTYYVM,0be12c60b191350cb751db88af3d21ce,01f09b3acf62e05dccfa79d33fc78fa8f8e42c13,3a9812dae2c2c6b65ff132599007bd3e77075afd38c6e0b39906acfce91aaa33
Mr,Austin,Kim,austin.kim@example.com,e95d1143-5286-4038-a661-86e67bee8711,greenelephant260,m-YfkR[16uxn,tGaMx8M4,92c265dd2a57b2c6982b0d6233944e8d,a01eb3b486c2c5735009e0b565c3e0bdfb90f496,27fae34b24d8ccd5cbffb55362038ed296d28d39f0195c0455632402f21a7f3a
Mr,Theodore,Mcdonalid,theodore.mcdonalid@example.com,9c835d93-8bd5-4324-bb4e-d466d4b1e681,greentiger158,f1({@p*?-,HaDLb91V,d6662251caea02ea755048a006451660,aa02c97ab1b4e72f0f11ac21c96fb2f92ec3e372,f87e7e4437b4026830e412fb7fc3db727ccf69c4b102d2bf6efa32cd8388c919
Miss,Martha,Davidson,martha.davidson@example.com,fa170e9d-4c42-4fcb-9dca-16b9dbca88e8,whitewolf686,"""Dl(t%5w jZq",f7RDF6hF,3c7fd245812e66f421aded17333be2c6,c196073ba0fb94478dc804229f43ad100bc25a81,0f13386c36fd7ef6575bf374adbdcb5a10727e27124ad36c26b213e37ce50c91
Mr,Marcus,Warren,marcus.warren@example.com,67abeac0-7c98-4725-81b1-1b5717edecc4,lazypanda238,P>Vq|!\=}W2T^Fl,Wxr5Lggk,d55143647dbfafc566f2d75b714b14ea,d00847ede9b9637d8beed20ed332bf593225cb65,f63717b672c313207a45338e06159019c90e526f950003f63aef2595d7071918
Mr,Chester,Shaw,chester.shaw@example.com,0a6fae8c-29ab-483e-bddc-5427eb229e17,whitezebra674,}7luB4qEt73X,sjsupTo3,2c049c724e20b7c61de51bd55fe825ff,23384d102421ab21cc975d61534b65dc3da99b59,64c52383b1956220b52296451c412fcfe4add7cbc35bbf67c65a1724fc994113